image,label
train/9/9_00570.jpg,0
train/9/9_00194.jpg,0
train/9/9_00657.jpg,0
train/9/9_00713.jpg,0
train/9/9_00361.jpg,0
train/9/9_00640.jpg,0
train/9/9_00750.jpg,0
train/9/9_00831.jpg,0
train/9/9_00112.jpg,0
train/9/9_00542.jpg,0
train/9/9_00820.jpg,0
train/9/9_00704.jpg,0
train/9/9_00917.jpg,0
train/9/9_00185.jpg,0
train/9/9_00205.jpg,0
train/9/9_00053.jpg,0
train/9/9_00357.jpg,0
train/9/9_00834.jpg,0
train/9/9_00315.jpg,0
train/9/9_00683.jpg,0
train/9/9_00163.jpg,0
train/9/9_00258.jpg,0
train/9/9_00161.jpg,0
train/9/9_00577.jpg,0
train/9/9_00966.jpg,0
train/9/9_00653.jpg,0
train/9/9_00080.jpg,0
train/9/9_00067.jpg,0
train/9/9_00068.jpg,0
train/9/9_00711.jpg,0
train/9/9_00865.jpg,0
train/9/9_00775.jpg,0
train/9/9_00755.jpg,0
train/9/9_00031.jpg,0
train/9/9_00186.jpg,0
train/9/9_00969.jpg,0
train/9/9_00606.jpg,0
train/9/9_00476.jpg,0
train/9/9_00214.jpg,0
train/9/9_00840.jpg,0
train/9/9_00360.jpg,0
train/9/9_00909.jpg,0
train/9/9_00022.jpg,0
train/9/9_00901.jpg,0
train/9/9_00231.jpg,0
train/9/9_00617.jpg,0
train/9/9_00709.jpg,0
train/9/9_00732.jpg,0
train/9/9_00454.jpg,0
train/9/9_00781.jpg,0
train/9/9_00572.jpg,0
train/9/9_00908.jpg,0
train/9/9_00395.jpg,0
train/9/9_00798.jpg,0
train/9/9_00470.jpg,0
train/9/9_00520.jpg,0
train/9/9_00955.jpg,0
train/9/9_00444.jpg,0
train/9/9_00619.jpg,0
train/9/9_00701.jpg,0
train/9/9_00667.jpg,0
train/9/9_00425.jpg,0
train/9/9_00362.jpg,0
train/9/9_00311.jpg,0
train/9/9_00610.jpg,0
train/9/9_00256.jpg,0
train/9/9_00974.jpg,0
train/9/9_00416.jpg,0
train/9/9_00802.jpg,0
train/9/9_00625.jpg,0
train/9/9_00324.jpg,0
train/9/9_00155.jpg,0
train/9/9_00115.jpg,0
train/9/9_00307.jpg,0
train/9/9_00736.jpg,0
train/9/9_00836.jpg,0
train/9/9_00745.jpg,0
train/9/9_00986.jpg,0
train/9/9_00213.jpg,0
train/9/9_00934.jpg,0
train/9/9_00482.jpg,0
train/9/9_00398.jpg,0
train/9/9_00511.jpg,0
train/9/9_00239.jpg,0
train/9/9_00554.jpg,0
train/9/9_00741.jpg,0
train/9/9_00965.jpg,0
train/9/9_00418.jpg,0
train/9/9_00182.jpg,0
train/9/9_00525.jpg,0
train/9/9_00620.jpg,0
train/9/9_00860.jpg,0
train/9/9_00947.jpg,0
train/9/9_00712.jpg,0
train/9/9_00751.jpg,0
train/9/9_00829.jpg,0
train/9/9_00825.jpg,0
train/9/9_00719.jpg,0
train/9/9_00975.jpg,0
train/9/9_00352.jpg,0
train/9/9_00376.jpg,0
train/9/9_00274.jpg,0
train/9/9_00002.jpg,0
train/9/9_00964.jpg,0
train/9/9_00471.jpg,0
train/9/9_00926.jpg,0
train/9/9_00611.jpg,0
train/9/9_00945.jpg,0
train/9/9_00041.jpg,0
train/9/9_00089.jpg,0
train/9/9_00267.jpg,0
train/9/9_00903.jpg,0
train/9/9_00822.jpg,0
train/9/9_00695.jpg,0
train/9/9_00612.jpg,0
train/9/9_00088.jpg,0
train/9/9_00218.jpg,0
train/9/9_00375.jpg,0
train/9/9_00899.jpg,0
train/9/9_00312.jpg,0
train/9/9_00930.jpg,0
train/9/9_00065.jpg,0
train/9/9_00925.jpg,0
train/9/9_00122.jpg,0
train/9/9_00592.jpg,0
train/9/9_00784.jpg,0
train/9/9_00881.jpg,0
train/9/9_00767.jpg,0
train/9/9_00584.jpg,0
train/9/9_00287.jpg,0
train/9/9_00739.jpg,0
train/9/9_00587.jpg,0
train/9/9_00364.jpg,0
train/9/9_00480.jpg,0
train/9/9_00880.jpg,0
train/9/9_00912.jpg,0
train/9/9_00495.jpg,0
train/9/9_00244.jpg,0
train/9/9_00535.jpg,0
train/9/9_00788.jpg,0
train/9/9_00913.jpg,0
train/9/9_00217.jpg,0
train/9/9_00173.jpg,0
train/9/9_00284.jpg,0
train/9/9_00543.jpg,0
train/9/9_00594.jpg,0
train/9/9_00665.jpg,0
train/9/9_00921.jpg,0
train/9/9_00403.jpg,0
train/9/9_00133.jpg,0
train/9/9_00833.jpg,0
train/9/9_00468.jpg,0
train/9/9_00544.jpg,0
train/9/9_00302.jpg,0
train/9/9_00414.jpg,0
train/9/9_00385.jpg,0
train/9/9_00314.jpg,0
train/9/9_00455.jpg,0
train/9/9_00377.jpg,0
train/9/9_00417.jpg,0
train/9/9_00519.jpg,0
train/9/9_00216.jpg,0
train/9/9_00279.jpg,0
train/9/9_00464.jpg,0
train/9/9_00853.jpg,0
train/9/9_00106.jpg,0
train/9/9_00445.jpg,0
train/9/9_00085.jpg,0
train/9/9_00456.jpg,0
train/9/9_00694.jpg,0
train/9/9_00220.jpg,0
train/9/9_00823.jpg,0
train/9/9_00299.jpg,0
train/9/9_00266.jpg,0
train/9/9_00452.jpg,0
train/9/9_00537.jpg,0
train/9/9_00466.jpg,0
train/9/9_00071.jpg,0
train/9/9_00037.jpg,0
train/9/9_00552.jpg,0
train/9/9_00308.jpg,0
train/9/9_00457.jpg,0
train/9/9_00988.jpg,0
train/9/9_00197.jpg,0
train/9/9_00346.jpg,0
train/9/9_00902.jpg,0
train/9/9_00982.jpg,0
train/9/9_00526.jpg,0
train/9/9_00528.jpg,0
train/9/9_00696.jpg,0
train/9/9_00740.jpg,0
train/9/9_00276.jpg,0
train/9/9_00483.jpg,0
train/9/9_00275.jpg,0
train/9/9_00835.jpg,0
train/9/9_00062.jpg,0
train/9/9_00234.jpg,0
train/9/9_00335.jpg,0
train/9/9_00857.jpg,0
train/9/9_00099.jpg,0
train/9/9_00168.jpg,0
train/9/9_00164.jpg,0
train/9/9_00412.jpg,0
train/9/9_00463.jpg,0
train/9/9_00237.jpg,0
train/9/9_00277.jpg,0
train/9/9_00976.jpg,0
train/9/9_00716.jpg,0
train/9/9_00204.jpg,0
train/9/9_00729.jpg,0
train/9/9_00047.jpg,0
train/9/9_00922.jpg,0
train/9/9_00017.jpg,0
train/9/9_00742.jpg,0
train/9/9_00839.jpg,0
train/9/9_00128.jpg,0
train/9/9_00319.jpg,0
train/9/9_00782.jpg,0
train/9/9_00626.jpg,0
train/9/9_00780.jpg,0
train/9/9_00928.jpg,0
train/9/9_00531.jpg,0
train/9/9_00291.jpg,0
train/9/9_00796.jpg,0
train/9/9_00087.jpg,0
train/9/9_00082.jpg,0
train/9/9_00143.jpg,0
train/9/9_00295.jpg,0
train/9/9_00878.jpg,0
train/9/9_00429.jpg,0
train/9/9_00586.jpg,0
train/9/9_00356.jpg,0
train/9/9_00180.jpg,0
train/9/9_00199.jpg,0
train/9/9_00383.jpg,0
train/9/9_00851.jpg,0
train/9/9_00733.jpg,0
train/9/9_00591.jpg,0
train/9/9_00533.jpg,0
train/9/9_00391.jpg,0
train/9/9_00055.jpg,0
train/9/9_00078.jpg,0
train/9/9_00253.jpg,0
train/9/9_00285.jpg,0
train/9/9_00411.jpg,0
train/9/9_00011.jpg,0
train/9/9_00292.jpg,0
train/9/9_00705.jpg,0
train/9/9_00599.jpg,0
train/9/9_00195.jpg,0
train/9/9_00419.jpg,0
train/9/9_00682.jpg,0
train/9/9_00494.jpg,0
train/9/9_00556.jpg,0
train/9/9_00390.jpg,0
train/9/9_00330.jpg,0
train/9/9_00188.jpg,0
train/9/9_00152.jpg,0
train/9/9_00025.jpg,0
train/9/9_00487.jpg,0
train/9/9_00514.jpg,0
train/9/9_00263.jpg,0
train/9/9_00073.jpg,0
train/9/9_00717.jpg,0
train/9/9_00995.jpg,0
train/9/9_00007.jpg,0
train/9/9_00252.jpg,0
train/9/9_00281.jpg,0
train/9/9_00396.jpg,0
train/9/9_00013.jpg,0
train/9/9_00282.jpg,0
train/9/9_00008.jpg,0
train/9/9_00104.jpg,0
train/9/9_00799.jpg,0
train/9/9_00021.jpg,0
train/9/9_00821.jpg,0
train/9/9_00541.jpg,0
train/9/9_00875.jpg,0
train/9/9_00867.jpg,0
train/9/9_00240.jpg,0
train/9/9_00924.jpg,0
train/9/9_00828.jpg,0
train/9/9_00961.jpg,0
train/9/9_00517.jpg,0
train/9/9_00670.jpg,0
train/9/9_00856.jpg,0
train/9/9_00979.jpg,0
train/9/9_00854.jpg,0
train/9/9_00648.jpg,0
train/9/9_00590.jpg,0
train/9/9_00009.jpg,0
train/9/9_00738.jpg,0
train/9/9_00888.jpg,0
train/9/9_00149.jpg,0
train/9/9_00793.jpg,0
train/9/9_00772.jpg,0
train/9/9_00812.jpg,0
train/9/9_00737.jpg,0
train/9/9_00448.jpg,0
train/9/9_00646.jpg,0
train/9/9_00858.jpg,0
train/9/9_00273.jpg,0
train/9/9_00440.jpg,0
train/9/9_00093.jpg,0
train/9/9_00613.jpg,0
train/9/9_00985.jpg,0
train/9/9_00135.jpg,0
train/9/9_00107.jpg,0
train/9/9_00756.jpg,0
train/9/9_00842.jpg,0
train/9/9_00458.jpg,0
train/9/9_00499.jpg,0
train/9/9_00927.jpg,0
train/9/9_00621.jpg,0
train/9/9_00744.jpg,0
train/9/9_00710.jpg,0
train/9/9_00708.jpg,0
train/9/9_00322.jpg,0
train/9/9_00707.jpg,0
train/9/9_00451.jpg,0
train/9/9_00904.jpg,0
train/9/9_00232.jpg,0
train/9/9_00355.jpg,0
train/9/9_00236.jpg,0
train/9/9_00221.jpg,0
train/9/9_00459.jpg,0
train/9/9_00272.jpg,0
train/9/9_00474.jpg,0
train/9/9_00937.jpg,0
train/9/9_00347.jpg,0
train/9/9_00630.jpg,0
train/9/9_00724.jpg,0
train/9/9_00571.jpg,0
train/9/9_00754.jpg,0
train/9/9_00536.jpg,0
train/9/9_00036.jpg,0
train/9/9_00350.jpg,0
train/9/9_00368.jpg,0
train/9/9_00154.jpg,0
train/9/9_00170.jpg,0
train/9/9_00551.jpg,0
train/9/9_00565.jpg,0
train/9/9_00038.jpg,0
train/9/9_00079.jpg,0
train/9/9_00329.jpg,0
train/9/9_00209.jpg,0
train/9/9_00098.jpg,0
train/9/9_00946.jpg,0
train/9/9_00996.jpg,0
train/9/9_00546.jpg,0
train/9/9_00222.jpg,0
train/9/9_00691.jpg,0
train/9/9_00373.jpg,0
train/9/9_00006.jpg,0
train/9/9_00409.jpg,0
train/9/9_00529.jpg,0
train/9/9_00524.jpg,0
train/9/9_00064.jpg,0
train/9/9_00260.jpg,0
train/9/9_00042.jpg,0
train/9/9_00600.jpg,0
train/9/9_00654.jpg,0
train/9/9_00773.jpg,0
train/9/9_00699.jpg,0
train/9/9_00044.jpg,0
train/9/9_00000.jpg,0
train/9/9_00549.jpg,0
train/9/9_00179.jpg,0
train/9/9_00863.jpg,0
train/9/9_00210.jpg,0
train/9/9_00997.jpg,0
train/9/9_00475.jpg,0
train/9/9_00219.jpg,0
train/9/9_00176.jpg,0
train/9/9_00426.jpg,0
train/9/9_00848.jpg,0
train/9/9_00730.jpg,0
train/9/9_00714.jpg,0
train/9/9_00139.jpg,0
train/9/9_00304.jpg,0
train/9/9_00189.jpg,0
train/9/9_00844.jpg,0
train/9/9_00642.jpg,0
train/9/9_00286.jpg,0
train/9/9_00245.jpg,0
train/9/9_00728.jpg,0
train/9/9_00012.jpg,0
train/9/9_00761.jpg,0
train/9/9_00582.jpg,0
train/9/9_00774.jpg,0
train/9/9_00450.jpg,0
train/9/9_00957.jpg,0
train/9/9_00866.jpg,0
train/9/9_00690.jpg,0
train/9/9_00602.jpg,0
train/9/9_00800.jpg,0
train/9/9_00508.jpg,0
train/9/9_00518.jpg,0
train/9/9_00765.jpg,0
train/9/9_00614.jpg,0
train/9/9_00534.jpg,0
train/9/9_00634.jpg,0
train/9/9_00558.jpg,0
train/9/9_00370.jpg,0
train/9/9_00845.jpg,0
train/9/9_00054.jpg,0
train/9/9_00175.jpg,0
train/9/9_00984.jpg,0
train/9/9_00469.jpg,0
train/9/9_00320.jpg,0
train/9/9_00333.jpg,0
train/9/9_00032.jpg,0
train/9/9_00506.jpg,0
train/9/9_00460.jpg,0
train/9/9_00576.jpg,0
train/9/9_00953.jpg,0
train/9/9_00059.jpg,0
train/9/9_00763.jpg,0
train/9/9_00500.jpg,0
train/9/9_00655.jpg,0
train/9/9_00019.jpg,0
train/9/9_00076.jpg,0
train/9/9_00257.jpg,0
train/9/9_00060.jpg,0
train/9/9_00473.jpg,0
train/9/9_00923.jpg,0
train/9/9_00327.jpg,0
train/9/9_00095.jpg,0
train/9/9_00905.jpg,0
train/9/9_00303.jpg,0
train/9/9_00735.jpg,0
train/9/9_00056.jpg,0
train/9/9_00843.jpg,0
train/9/9_00058.jpg,0
train/9/9_00392.jpg,0
train/9/9_00605.jpg,0
train/9/9_00110.jpg,0
train/9/9_00224.jpg,0
train/9/9_00841.jpg,0
train/9/9_00776.jpg,0
train/9/9_00873.jpg,0
train/9/9_00569.jpg,0
train/9/9_00944.jpg,0
train/9/9_00442.jpg,0
train/9/9_00553.jpg,0
train/9/9_00027.jpg,0
train/9/9_00174.jpg,0
train/9/9_00191.jpg,0
train/9/9_00978.jpg,0
train/9/9_00187.jpg,0
train/9/9_00365.jpg,0
train/9/9_00753.jpg,0
train/9/9_00084.jpg,0
train/9/9_00566.jpg,0
train/9/9_00063.jpg,0
train/9/9_00150.jpg,0
train/9/9_00246.jpg,0
train/9/9_00596.jpg,0
train/9/9_00869.jpg,0
train/9/9_00870.jpg,0
train/9/9_00026.jpg,0
train/9/9_00786.jpg,0
train/9/9_00659.jpg,0
train/9/9_00887.jpg,0
train/9/9_00381.jpg,0
train/9/9_00581.jpg,0
train/9/9_00120.jpg,0
train/9/9_00472.jpg,0
train/9/9_00465.jpg,0
train/9/9_00215.jpg,0
train/9/9_00633.jpg,0
train/9/9_00177.jpg,0
train/9/9_00125.jpg,0
train/9/9_00436.jpg,0
train/9/9_00433.jpg,0
train/9/9_00438.jpg,0
train/9/9_00962.jpg,0
train/9/9_00727.jpg,0
train/9/9_00803.jpg,0
train/9/9_00316.jpg,0
train/9/9_00954.jpg,0
train/9/9_00987.jpg,0
train/9/9_00354.jpg,0
train/9/9_00680.jpg,0
train/9/9_00919.jpg,0
train/9/9_00358.jpg,0
train/9/9_00193.jpg,0
train/9/9_00579.jpg,0
train/9/9_00229.jpg,0
train/9/9_00015.jpg,0
train/9/9_00380.jpg,0
train/9/9_00567.jpg,0
train/9/9_00749.jpg,0
train/9/9_00757.jpg,0
train/9/9_00797.jpg,0
train/9/9_00160.jpg,0
train/9/9_00948.jpg,0
train/9/9_00629.jpg,0
train/9/9_00477.jpg,0
train/9/9_00723.jpg,0
train/9/9_00404.jpg,0
train/9/9_00298.jpg,0
train/9/9_00649.jpg,0
train/9/9_00639.jpg,0
train/9/9_00706.jpg,0
train/9/9_00942.jpg,0
train/9/9_00785.jpg,0
train/9/9_00162.jpg,0
train/9/9_00201.jpg,0
train/9/9_00814.jpg,0
train/9/9_00959.jpg,0
train/9/9_00807.jpg,0
train/9/9_00349.jpg,0
train/9/9_00441.jpg,0
train/9/9_00855.jpg,0
train/9/9_00623.jpg,0
train/9/9_00725.jpg,0
train/9/9_00481.jpg,0
train/9/9_00184.jpg,0
train/9/9_00023.jpg,0
train/9/9_00523.jpg,0
train/9/9_00196.jpg,0
train/9/9_00688.jpg,0
train/9/9_00387.jpg,0
train/9/9_00366.jpg,0
train/9/9_00949.jpg,0
train/9/9_00983.jpg,0
train/9/9_00130.jpg,0
train/9/9_00892.jpg,0
train/9/9_00408.jpg,0
train/9/9_00309.jpg,0
train/9/9_00703.jpg,0
train/9/9_00249.jpg,0
train/9/9_00420.jpg,0
train/9/9_00317.jpg,0
train/9/9_00400.jpg,0
train/9/9_00255.jpg,0
train/9/9_00734.jpg,0
train/9/9_00235.jpg,0
train/9/9_00382.jpg,0
train/9/9_00052.jpg,0
train/9/9_00072.jpg,0
train/9/9_00156.jpg,0
train/9/9_00692.jpg,0
train/9/9_00686.jpg,0
train/9/9_00585.jpg,0
train/9/9_00405.jpg,0
train/9/9_00769.jpg,0
train/9/9_00172.jpg,0
train/9/9_00443.jpg,0
train/9/9_00336.jpg,0
train/9/9_00838.jpg,0
train/9/9_00876.jpg,0
train/9/9_00779.jpg,0
train/9/9_00877.jpg,0
train/9/9_00532.jpg,0
train/9/9_00637.jpg,0
train/9/9_00891.jpg,0
train/9/9_00241.jpg,0
train/9/9_00874.jpg,0
train/9/9_00661.jpg,0
train/9/9_00787.jpg,0
train/9/9_00300.jpg,0
train/9/9_00685.jpg,0
train/9/9_00265.jpg,0
train/9/9_00849.jpg,0
train/9/9_00334.jpg,0
train/9/9_00111.jpg,0
train/9/9_00413.jpg,0
train/9/9_00384.jpg,0
train/9/9_00337.jpg,0
train/9/9_00211.jpg,0
train/9/9_00207.jpg,0
train/9/9_00165.jpg,0
train/9/9_00359.jpg,0
train/9/9_00631.jpg,0
train/9/9_00297.jpg,0
train/9/9_00328.jpg,0
train/9/9_00129.jpg,0
train/9/9_00624.jpg,0
train/9/9_00859.jpg,0
train/9/9_00809.jpg,0
train/9/9_00547.jpg,0
train/9/9_00931.jpg,0
train/9/9_00852.jpg,0
train/9/9_00816.jpg,0
train/9/9_00884.jpg,0
train/9/9_00515.jpg,0
train/9/9_00296.jpg,0
train/9/9_00029.jpg,0
train/9/9_00351.jpg,0
train/9/9_00140.jpg,0
train/9/9_00505.jpg,0
train/9/9_00290.jpg,0
train/9/9_00136.jpg,0
train/9/9_00497.jpg,0
train/9/9_00269.jpg,0
train/9/9_00109.jpg,0
train/9/9_00493.jpg,0
train/9/9_00278.jpg,0
train/9/9_00747.jpg,0
train/9/9_00394.jpg,0
train/9/9_00808.jpg,0
train/9/9_00410.jpg,0
train/9/9_00818.jpg,0
train/9/9_00615.jpg,0
train/9/9_00597.jpg,0
train/9/9_00522.jpg,0
train/9/9_00726.jpg,0
train/9/9_00795.jpg,0
train/9/9_00679.jpg,0
train/9/9_00348.jpg,0
train/9/9_00702.jpg,0
train/9/9_00759.jpg,0
train/9/9_00490.jpg,0
train/9/9_00538.jpg,0
train/9/9_00638.jpg,0
train/9/9_00963.jpg,0
train/9/9_00811.jpg,0
train/9/9_00998.jpg,0
train/9/9_00681.jpg,0
train/9/9_00227.jpg,0
train/9/9_00697.jpg,0
train/9/9_00641.jpg,0
train/9/9_00283.jpg,0
train/9/9_00014.jpg,0
train/9/9_00428.jpg,0
train/9/9_00148.jpg,0
train/9/9_00430.jpg,0
train/9/9_00968.jpg,0
train/9/9_00116.jpg,0
train/9/9_00673.jpg,0
train/9/9_00916.jpg,0
train/9/9_00862.jpg,0
train/9/9_00936.jpg,0
train/9/9_00331.jpg,0
train/9/9_00496.jpg,0
train/9/9_00001.jpg,0
train/9/9_00939.jpg,0
train/9/9_00114.jpg,0
train/9/9_00583.jpg,0
train/9/9_00568.jpg,0
train/9/9_00938.jpg,0
train/9/9_00206.jpg,0
train/9/9_00897.jpg,0
train/9/9_00467.jpg,0
train/9/9_00293.jpg,0
train/9/9_00121.jpg,0
train/9/9_00684.jpg,0
train/9/9_00108.jpg,0
train/9/9_00871.jpg,0
train/9/9_00766.jpg,0
train/9/9_00777.jpg,0
train/9/9_00932.jpg,0
train/9/9_00178.jpg,0
train/9/9_00999.jpg,0
train/9/9_00378.jpg,0
train/9/9_00595.jpg,0
train/9/9_00971.jpg,0
train/9/9_00353.jpg,0
train/9/9_00086.jpg,0
train/9/9_00562.jpg,0
train/9/9_00203.jpg,0
train/9/9_00806.jpg,0
train/9/9_00167.jpg,0
train/9/9_00555.jpg,0
train/9/9_00119.jpg,0
train/9/9_00288.jpg,0
train/9/9_00989.jpg,0
train/9/9_00850.jpg,0
train/9/9_00437.jpg,0
train/9/9_00367.jpg,0
train/9/9_00513.jpg,0
train/9/9_00030.jpg,0
train/9/9_00478.jpg,0
train/9/9_00578.jpg,0
train/9/9_00791.jpg,0
train/9/9_00243.jpg,0
train/9/9_00958.jpg,0
train/9/9_00698.jpg,0
train/9/9_00447.jpg,0
train/9/9_00407.jpg,0
train/9/9_00618.jpg,0
train/9/9_00504.jpg,0
train/9/9_00386.jpg,0
train/9/9_00652.jpg,0
train/9/9_00993.jpg,0
train/9/9_00557.jpg,0
train/9/9_00479.jpg,0
train/9/9_00102.jpg,0
train/9/9_00049.jpg,0
train/9/9_00424.jpg,0
train/9/9_00827.jpg,0
train/9/9_00446.jpg,0
train/9/9_00715.jpg,0
train/9/9_00882.jpg,0
train/9/9_00003.jpg,0
train/9/9_00601.jpg,0
train/9/9_00674.jpg,0
train/9/9_00894.jpg,0
train/9/9_00261.jpg,0
train/9/9_00960.jpg,0
train/9/9_00559.jpg,0
train/9/9_00393.jpg,0
train/9/9_00039.jpg,0
train/9/9_00950.jpg,0
train/9/9_00264.jpg,0
train/9/9_00574.jpg,0
train/9/9_00718.jpg,0
train/9/9_00885.jpg,0
train/9/9_00516.jpg,0
train/9/9_00117.jpg,0
train/9/9_00024.jpg,0
train/9/9_00166.jpg,0
train/9/9_00632.jpg,0
train/9/9_00091.jpg,0
train/9/9_00622.jpg,0
train/9/9_00388.jpg,0
train/9/9_00977.jpg,0
train/9/9_00651.jpg,0
train/9/9_00941.jpg,0
train/9/9_00671.jpg,0
train/9/9_00656.jpg,0
train/9/9_00752.jpg,0
train/9/9_00434.jpg,0
train/9/9_00580.jpg,0
train/9/9_00647.jpg,0
train/9/9_00074.jpg,0
train/9/9_00251.jpg,0
train/9/9_00650.jpg,0
train/9/9_00028.jpg,0
train/9/9_00972.jpg,0
train/9/9_00771.jpg,0
train/9/9_00427.jpg,0
train/9/9_00147.jpg,0
train/9/9_00097.jpg,0
train/9/9_00461.jpg,0
train/9/9_00169.jpg,0
train/9/9_00137.jpg,0
train/9/9_00636.jpg,0
train/9/9_00415.jpg,0
train/9/9_00371.jpg,0
train/9/9_00406.jpg,0
train/9/9_00310.jpg,0
train/9/9_00970.jpg,0
train/9/9_00010.jpg,0
train/9/9_00081.jpg,0
train/9/9_00126.jpg,0
train/9/9_00118.jpg,0
train/9/9_00510.jpg,0
train/9/9_00872.jpg,0
train/9/9_00789.jpg,0
train/9/9_00722.jpg,0
train/9/9_00223.jpg,0
train/9/9_00956.jpg,0
train/9/9_00294.jpg,0
train/9/9_00748.jpg,0
train/9/9_00435.jpg,0
train/9/9_00915.jpg,0
train/9/9_00248.jpg,0
train/9/9_00502.jpg,0
train/9/9_00573.jpg,0
train/9/9_00911.jpg,0
train/9/9_00083.jpg,0
train/9/9_00762.jpg,0
train/9/9_00935.jpg,0
train/9/9_00895.jpg,0
train/9/9_00183.jpg,0
train/9/9_00731.jpg,0
train/9/9_00826.jpg,0
train/9/9_00933.jpg,0
train/9/9_00105.jpg,0
train/9/9_00883.jpg,0
train/9/9_00813.jpg,0
train/9/9_00589.jpg,0
train/9/9_00804.jpg,0
train/9/9_00879.jpg,0
train/9/9_00676.jpg,0
train/9/9_00920.jpg,0
train/9/9_00389.jpg,0
train/9/9_00247.jpg,0
train/9/9_00228.jpg,0
train/9/9_00539.jpg,0
train/9/9_00801.jpg,0
train/9/9_00817.jpg,0
train/9/9_00910.jpg,0
train/9/9_00034.jpg,0
train/9/9_00190.jpg,0
train/9/9_00449.jpg,0
train/9/9_00660.jpg,0
train/9/9_00868.jpg,0
train/9/9_00144.jpg,0
train/9/9_00666.jpg,0
train/9/9_00507.jpg,0
train/9/9_00486.jpg,0
train/9/9_00305.jpg,0
train/9/9_00794.jpg,0
train/9/9_00512.jpg,0
train/9/9_00101.jpg,0
train/9/9_00952.jpg,0
train/9/9_00453.jpg,0
train/9/9_00050.jpg,0
train/9/9_00439.jpg,0
train/9/9_00113.jpg,0
train/9/9_00643.jpg,0
train/9/9_00980.jpg,0
train/9/9_00790.jpg,0
train/9/9_00484.jpg,0
train/9/9_00687.jpg,0
train/9/9_00792.jpg,0
train/9/9_00664.jpg,0
train/9/9_00090.jpg,0
train/9/9_00990.jpg,0
train/9/9_00092.jpg,0
train/9/9_00491.jpg,0
train/9/9_00397.jpg,0
train/9/9_00992.jpg,0
train/9/9_00593.jpg,0
train/9/9_00077.jpg,0
train/9/9_00700.jpg,0
train/9/9_00094.jpg,0
train/9/9_00485.jpg,0
train/9/9_00847.jpg,0
train/9/9_00344.jpg,0
train/9/9_00627.jpg,0
train/9/9_00141.jpg,0
train/9/9_00815.jpg,0
train/9/9_00321.jpg,0
train/9/9_00609.jpg,0
train/9/9_00048.jpg,0
train/9/9_00489.jpg,0
train/9/9_00431.jpg,0
train/9/9_00677.jpg,0
train/9/9_00421.jpg,0
train/9/9_00225.jpg,0
train/9/9_00861.jpg,0
train/9/9_00345.jpg,0
train/9/9_00561.jpg,0
train/9/9_00142.jpg,0
train/9/9_00783.jpg,0
train/9/9_00658.jpg,0
train/9/9_00837.jpg,0
train/9/9_00498.jpg,0
train/9/9_00379.jpg,0
train/9/9_00262.jpg,0
train/9/9_00628.jpg,0
train/9/9_00103.jpg,0
train/9/9_00663.jpg,0
train/9/9_00342.jpg,0
train/9/9_00339.jpg,0
train/9/9_00598.jpg,0
train/9/9_00560.jpg,0
train/9/9_00720.jpg,0
train/9/9_00192.jpg,0
train/9/9_00401.jpg,0
train/9/9_00900.jpg,0
train/9/9_00604.jpg,0
train/9/9_00306.jpg,0
train/9/9_00100.jpg,0
train/9/9_00940.jpg,0
train/9/9_00200.jpg,0
train/9/9_00323.jpg,0
train/9/9_00313.jpg,0
train/9/9_00075.jpg,0
train/9/9_00743.jpg,0
train/9/9_00343.jpg,0
train/9/9_00043.jpg,0
train/9/9_00399.jpg,0
train/9/9_00153.jpg,0
train/9/9_00914.jpg,0
train/9/9_00951.jpg,0
train/9/9_00929.jpg,0
train/9/9_00057.jpg,0
train/9/9_00096.jpg,0
train/9/9_00326.jpg,0
train/9/9_00070.jpg,0
train/9/9_00051.jpg,0
train/9/9_00066.jpg,0
train/9/9_00159.jpg,0
train/9/9_00369.jpg,0
train/9/9_00501.jpg,0
train/9/9_00545.jpg,0
train/9/9_00145.jpg,0
train/9/9_00374.jpg,0
train/9/9_00668.jpg,0
train/9/9_00492.jpg,0
train/9/9_00046.jpg,0
train/9/9_00018.jpg,0
train/9/9_00233.jpg,0
train/9/9_00893.jpg,0
train/9/9_00994.jpg,0
train/9/9_00509.jpg,0
train/9/9_00250.jpg,0
train/9/9_00805.jpg,0
train/9/9_00402.jpg,0
train/9/9_00318.jpg,0
train/9/9_00672.jpg,0
train/9/9_00271.jpg,0
train/9/9_00230.jpg,0
train/9/9_00372.jpg,0
train/9/9_00918.jpg,0
train/9/9_00662.jpg,0
train/9/9_00423.jpg,0
train/9/9_00588.jpg,0
train/9/9_00898.jpg,0
train/9/9_00608.jpg,0
train/9/9_00146.jpg,0
train/9/9_00340.jpg,0
train/9/9_00198.jpg,0
train/9/9_00607.jpg,0
train/9/9_00896.jpg,0
train/9/9_00422.jpg,0
train/9/9_00669.jpg,0
train/9/9_00778.jpg,0
train/9/9_00289.jpg,0
train/9/9_00158.jpg,0
train/9/9_00886.jpg,0
train/9/9_00832.jpg,0
train/9/9_00768.jpg,0
train/9/9_00020.jpg,0
train/9/9_00548.jpg,0
train/9/9_00563.jpg,0
train/9/9_00301.jpg,0
train/9/9_00540.jpg,0
train/9/9_00332.jpg,0
train/9/9_00138.jpg,0
train/9/9_00760.jpg,0
train/9/9_00830.jpg,0
train/9/9_00202.jpg,0
train/9/9_00503.jpg,0
train/9/9_00341.jpg,0
train/9/9_00527.jpg,0
train/9/9_00943.jpg,0
train/9/9_00004.jpg,0
train/9/9_00242.jpg,0
train/9/9_00488.jpg,0
train/9/9_00824.jpg,0
train/9/9_00270.jpg,0
train/9/9_00132.jpg,0
train/9/9_00770.jpg,0
train/9/9_00123.jpg,0
train/9/9_00907.jpg,0
train/9/9_00675.jpg,0
train/9/9_00603.jpg,0
train/9/9_00644.jpg,0
train/9/9_00462.jpg,0
train/9/9_00268.jpg,0
train/9/9_00991.jpg,0
train/9/9_00721.jpg,0
train/9/9_00890.jpg,0
train/9/9_00616.jpg,0
train/9/9_00280.jpg,0
train/9/9_00967.jpg,0
train/9/9_00151.jpg,0
train/9/9_00134.jpg,0
train/9/9_00131.jpg,0
train/9/9_00045.jpg,0
train/9/9_00564.jpg,0
train/9/9_00864.jpg,0
train/9/9_00061.jpg,0
train/9/9_00208.jpg,0
train/9/9_00033.jpg,0
train/9/9_00226.jpg,0
train/9/9_00016.jpg,0
train/9/9_00758.jpg,0
train/9/9_00259.jpg,0
train/9/9_00005.jpg,0
train/9/9_00157.jpg,0
train/9/9_00124.jpg,0
train/9/9_00819.jpg,0
train/9/9_00846.jpg,0
train/9/9_00338.jpg,0
train/9/9_00325.jpg,0
train/9/9_00040.jpg,0
train/9/9_00171.jpg,0
train/9/9_00575.jpg,0
train/9/9_00521.jpg,0
train/9/9_00689.jpg,0
train/9/9_00550.jpg,0
train/9/9_00889.jpg,0
train/9/9_00693.jpg,0
train/9/9_00254.jpg,0
train/9/9_00432.jpg,0
train/9/9_00764.jpg,0
train/9/9_00069.jpg,0
train/9/9_00678.jpg,0
train/9/9_00981.jpg,0
train/9/9_00645.jpg,0
train/9/9_00363.jpg,0
train/9/9_00212.jpg,0
train/9/9_00238.jpg,0
train/9/9_00635.jpg,0
train/9/9_00810.jpg,0
train/9/9_00181.jpg,0
train/9/9_00127.jpg,0
train/9/9_00973.jpg,0
train/9/9_00906.jpg,0
train/9/9_00530.jpg,0
train/9/9_00746.jpg,0
train/9/9_00035.jpg,0
train/1/1_00115.jpg,1
train/1/1_00684.jpg,1
train/1/1_00572.jpg,1
train/1/1_00881.jpg,1
train/1/1_00770.jpg,1
train/1/1_00543.jpg,1
train/1/1_00073.jpg,1
train/1/1_00226.jpg,1
train/1/1_00752.jpg,1
train/1/1_00378.jpg,1
train/1/1_00837.jpg,1
train/1/1_00831.jpg,1
train/1/1_00338.jpg,1
train/1/1_00448.jpg,1
train/1/1_00346.jpg,1
train/1/1_00324.jpg,1
train/1/1_00256.jpg,1
train/1/1_00981.jpg,1
train/1/1_00102.jpg,1
train/1/1_00110.jpg,1
train/1/1_00257.jpg,1
train/1/1_00175.jpg,1
train/1/1_00292.jpg,1
train/1/1_00170.jpg,1
train/1/1_00353.jpg,1
train/1/1_00496.jpg,1
train/1/1_00150.jpg,1
train/1/1_00060.jpg,1
train/1/1_00204.jpg,1
train/1/1_00717.jpg,1
train/1/1_00747.jpg,1
train/1/1_00484.jpg,1
train/1/1_00136.jpg,1
train/1/1_00755.jpg,1
train/1/1_00875.jpg,1
train/1/1_00602.jpg,1
train/1/1_00987.jpg,1
train/1/1_00063.jpg,1
train/1/1_00439.jpg,1
train/1/1_00230.jpg,1
train/1/1_00466.jpg,1
train/1/1_00992.jpg,1
train/1/1_00492.jpg,1
train/1/1_00301.jpg,1
train/1/1_00124.jpg,1
train/1/1_00127.jpg,1
train/1/1_00628.jpg,1
train/1/1_00785.jpg,1
train/1/1_00947.jpg,1
train/1/1_00576.jpg,1
train/1/1_00888.jpg,1
train/1/1_00913.jpg,1
train/1/1_00206.jpg,1
train/1/1_00143.jpg,1
train/1/1_00791.jpg,1
train/1/1_00801.jpg,1
train/1/1_00627.jpg,1
train/1/1_00661.jpg,1
train/1/1_00220.jpg,1
train/1/1_00936.jpg,1
train/1/1_00326.jpg,1
train/1/1_00277.jpg,1
train/1/1_00296.jpg,1
train/1/1_00550.jpg,1
train/1/1_00949.jpg,1
train/1/1_00281.jpg,1
train/1/1_00284.jpg,1
train/1/1_00757.jpg,1
train/1/1_00050.jpg,1
train/1/1_00359.jpg,1
train/1/1_00748.jpg,1
train/1/1_00505.jpg,1
train/1/1_00735.jpg,1
train/1/1_00386.jpg,1
train/1/1_00585.jpg,1
train/1/1_00865.jpg,1
train/1/1_00960.jpg,1
train/1/1_00106.jpg,1
train/1/1_00587.jpg,1
train/1/1_00822.jpg,1
train/1/1_00548.jpg,1
train/1/1_00054.jpg,1
train/1/1_00774.jpg,1
train/1/1_00812.jpg,1
train/1/1_00692.jpg,1
train/1/1_00967.jpg,1
train/1/1_00384.jpg,1
train/1/1_00697.jpg,1
train/1/1_00178.jpg,1
train/1/1_00486.jpg,1
train/1/1_00766.jpg,1
train/1/1_00749.jpg,1
train/1/1_00839.jpg,1
train/1/1_00260.jpg,1
train/1/1_00020.jpg,1
train/1/1_00905.jpg,1
train/1/1_00745.jpg,1
train/1/1_00429.jpg,1
train/1/1_00250.jpg,1
train/1/1_00080.jpg,1
train/1/1_00696.jpg,1
train/1/1_00199.jpg,1
train/1/1_00173.jpg,1
train/1/1_00113.jpg,1
train/1/1_00784.jpg,1
train/1/1_00403.jpg,1
train/1/1_00897.jpg,1
train/1/1_00664.jpg,1
train/1/1_00763.jpg,1
train/1/1_00872.jpg,1
train/1/1_00559.jpg,1
train/1/1_00851.jpg,1
train/1/1_00363.jpg,1
train/1/1_00583.jpg,1
train/1/1_00786.jpg,1
train/1/1_00364.jpg,1
train/1/1_00866.jpg,1
train/1/1_00868.jpg,1
train/1/1_00201.jpg,1
train/1/1_00006.jpg,1
train/1/1_00688.jpg,1
train/1/1_00731.jpg,1
train/1/1_00237.jpg,1
train/1/1_00166.jpg,1
train/1/1_00312.jpg,1
train/1/1_00818.jpg,1
train/1/1_00999.jpg,1
train/1/1_00253.jpg,1
train/1/1_00265.jpg,1
train/1/1_00457.jpg,1
train/1/1_00657.jpg,1
train/1/1_00083.jpg,1
train/1/1_00940.jpg,1
train/1/1_00453.jpg,1
train/1/1_00705.jpg,1
train/1/1_00509.jpg,1
train/1/1_00685.jpg,1
train/1/1_00065.jpg,1
train/1/1_00864.jpg,1
train/1/1_00352.jpg,1
train/1/1_00613.jpg,1
train/1/1_00157.jpg,1
train/1/1_00274.jpg,1
train/1/1_00729.jpg,1
train/1/1_00374.jpg,1
train/1/1_00666.jpg,1
train/1/1_00870.jpg,1
train/1/1_00109.jpg,1
train/1/1_00023.jpg,1
train/1/1_00994.jpg,1
train/1/1_00840.jpg,1
train/1/1_00131.jpg,1
train/1/1_00836.jpg,1
train/1/1_00816.jpg,1
train/1/1_00682.jpg,1
train/1/1_00728.jpg,1
train/1/1_00744.jpg,1
train/1/1_00556.jpg,1
train/1/1_00879.jpg,1
train/1/1_00686.jpg,1
train/1/1_00365.jpg,1
train/1/1_00760.jpg,1
train/1/1_00142.jpg,1
train/1/1_00861.jpg,1
train/1/1_00767.jpg,1
train/1/1_00288.jpg,1
train/1/1_00210.jpg,1
train/1/1_00727.jpg,1
train/1/1_00376.jpg,1
train/1/1_00635.jpg,1
train/1/1_00667.jpg,1
train/1/1_00004.jpg,1
train/1/1_00568.jpg,1
train/1/1_00245.jpg,1
train/1/1_00458.jpg,1
train/1/1_00643.jpg,1
train/1/1_00507.jpg,1
train/1/1_00433.jpg,1
train/1/1_00012.jpg,1
train/1/1_00037.jpg,1
train/1/1_00432.jpg,1
train/1/1_00544.jpg,1
train/1/1_00776.jpg,1
train/1/1_00069.jpg,1
train/1/1_00114.jpg,1
train/1/1_00125.jpg,1
train/1/1_00290.jpg,1
train/1/1_00623.jpg,1
train/1/1_00022.jpg,1
train/1/1_00355.jpg,1
train/1/1_00859.jpg,1
train/1/1_00118.jpg,1
train/1/1_00734.jpg,1
train/1/1_00506.jpg,1
train/1/1_00442.jpg,1
train/1/1_00027.jpg,1
train/1/1_00843.jpg,1
train/1/1_00198.jpg,1
train/1/1_00368.jpg,1
train/1/1_00969.jpg,1
train/1/1_00137.jpg,1
train/1/1_00144.jpg,1
train/1/1_00317.jpg,1
train/1/1_00832.jpg,1
train/1/1_00148.jpg,1
train/1/1_00608.jpg,1
train/1/1_00877.jpg,1
train/1/1_00103.jpg,1
train/1/1_00235.jpg,1
train/1/1_00244.jpg,1
train/1/1_00948.jpg,1
train/1/1_00578.jpg,1
train/1/1_00695.jpg,1
train/1/1_00514.jpg,1
train/1/1_00155.jpg,1
train/1/1_00167.jpg,1
train/1/1_00610.jpg,1
train/1/1_00330.jpg,1
train/1/1_00075.jpg,1
train/1/1_00422.jpg,1
train/1/1_00754.jpg,1
train/1/1_00079.jpg,1
train/1/1_00070.jpg,1
train/1/1_00472.jpg,1
train/1/1_00862.jpg,1
train/1/1_00425.jpg,1
train/1/1_00821.jpg,1
train/1/1_00327.jpg,1
train/1/1_00937.jpg,1
train/1/1_00415.jpg,1
train/1/1_00882.jpg,1
train/1/1_00524.jpg,1
train/1/1_00371.jpg,1
train/1/1_00417.jpg,1
train/1/1_00030.jpg,1
train/1/1_00579.jpg,1
train/1/1_00885.jpg,1
train/1/1_00945.jpg,1
train/1/1_00351.jpg,1
train/1/1_00571.jpg,1
train/1/1_00169.jpg,1
train/1/1_00538.jpg,1
train/1/1_00048.jpg,1
train/1/1_00896.jpg,1
train/1/1_00203.jpg,1
train/1/1_00500.jpg,1
train/1/1_00084.jpg,1
train/1/1_00806.jpg,1
train/1/1_00626.jpg,1
train/1/1_00539.jpg,1
train/1/1_00348.jpg,1
train/1/1_00189.jpg,1
train/1/1_00853.jpg,1
train/1/1_00335.jpg,1
train/1/1_00172.jpg,1
train/1/1_00537.jpg,1
train/1/1_00986.jpg,1
train/1/1_00555.jpg,1
train/1/1_00700.jpg,1
train/1/1_00435.jpg,1
train/1/1_00848.jpg,1
train/1/1_00551.jpg,1
train/1/1_00780.jpg,1
train/1/1_00852.jpg,1
train/1/1_00461.jpg,1
train/1/1_00329.jpg,1
train/1/1_00557.jpg,1
train/1/1_00046.jpg,1
train/1/1_00706.jpg,1
train/1/1_00813.jpg,1
train/1/1_00820.jpg,1
train/1/1_00002.jpg,1
train/1/1_00586.jpg,1
train/1/1_00625.jpg,1
train/1/1_00015.jpg,1
train/1/1_00782.jpg,1
train/1/1_00339.jpg,1
train/1/1_00208.jpg,1
train/1/1_00478.jpg,1
train/1/1_00405.jpg,1
train/1/1_00468.jpg,1
train/1/1_00856.jpg,1
train/1/1_00427.jpg,1
train/1/1_00396.jpg,1
train/1/1_00045.jpg,1
train/1/1_00590.jpg,1
train/1/1_00319.jpg,1
train/1/1_00085.jpg,1
train/1/1_00310.jpg,1
train/1/1_00977.jpg,1
train/1/1_00756.jpg,1
train/1/1_00740.jpg,1
train/1/1_00982.jpg,1
train/1/1_00279.jpg,1
train/1/1_00475.jpg,1
train/1/1_00616.jpg,1
train/1/1_00410.jpg,1
train/1/1_00392.jpg,1
train/1/1_00847.jpg,1
train/1/1_00092.jpg,1
train/1/1_00648.jpg,1
train/1/1_00522.jpg,1
train/1/1_00903.jpg,1
train/1/1_00101.jpg,1
train/1/1_00591.jpg,1
train/1/1_00077.jpg,1
train/1/1_00690.jpg,1
train/1/1_00397.jpg,1
train/1/1_00411.jpg,1
train/1/1_00834.jpg,1
train/1/1_00730.jpg,1
train/1/1_00402.jpg,1
train/1/1_00074.jpg,1
train/1/1_00873.jpg,1
train/1/1_00282.jpg,1
train/1/1_00970.jpg,1
train/1/1_00854.jpg,1
train/1/1_00297.jpg,1
train/1/1_00470.jpg,1
train/1/1_00950.jpg,1
train/1/1_00337.jpg,1
train/1/1_00487.jpg,1
train/1/1_00303.jpg,1
train/1/1_00024.jpg,1
train/1/1_00933.jpg,1
train/1/1_00416.jpg,1
train/1/1_00645.jpg,1
train/1/1_00719.jpg,1
train/1/1_00979.jpg,1
train/1/1_00580.jpg,1
train/1/1_00398.jpg,1
train/1/1_00929.jpg,1
train/1/1_00428.jpg,1
train/1/1_00031.jpg,1
train/1/1_00876.jpg,1
train/1/1_00188.jpg,1
train/1/1_00242.jpg,1
train/1/1_00575.jpg,1
train/1/1_00827.jpg,1
train/1/1_00294.jpg,1
train/1/1_00502.jpg,1
train/1/1_00674.jpg,1
train/1/1_00783.jpg,1
train/1/1_00654.jpg,1
train/1/1_00436.jpg,1
train/1/1_00541.jpg,1
train/1/1_00915.jpg,1
train/1/1_00736.jpg,1
train/1/1_00942.jpg,1
train/1/1_00814.jpg,1
train/1/1_00652.jpg,1
train/1/1_00772.jpg,1
train/1/1_00990.jpg,1
train/1/1_00121.jpg,1
train/1/1_00998.jpg,1
train/1/1_00152.jpg,1
train/1/1_00248.jpg,1
train/1/1_00430.jpg,1
train/1/1_00916.jpg,1
train/1/1_00869.jpg,1
train/1/1_00676.jpg,1
train/1/1_00923.jpg,1
train/1/1_00043.jpg,1
train/1/1_00620.jpg,1
train/1/1_00160.jpg,1
train/1/1_00778.jpg,1
train/1/1_00638.jpg,1
train/1/1_00180.jpg,1
train/1/1_00426.jpg,1
train/1/1_00805.jpg,1
train/1/1_00463.jpg,1
train/1/1_00715.jpg,1
train/1/1_00227.jpg,1
train/1/1_00532.jpg,1
train/1/1_00570.jpg,1
train/1/1_00316.jpg,1
train/1/1_00197.jpg,1
train/1/1_00332.jpg,1
train/1/1_00651.jpg,1
train/1/1_00462.jpg,1
train/1/1_00418.jpg,1
train/1/1_00531.jpg,1
train/1/1_00134.jpg,1
train/1/1_00577.jpg,1
train/1/1_00090.jpg,1
train/1/1_00932.jpg,1
train/1/1_00908.jpg,1
train/1/1_00333.jpg,1
train/1/1_00231.jpg,1
train/1/1_00385.jpg,1
train/1/1_00802.jpg,1
train/1/1_00285.jpg,1
train/1/1_00072.jpg,1
train/1/1_00804.jpg,1
train/1/1_00005.jpg,1
train/1/1_00350.jpg,1
train/1/1_00394.jpg,1
train/1/1_00793.jpg,1
train/1/1_00777.jpg,1
train/1/1_00441.jpg,1
train/1/1_00270.jpg,1
train/1/1_00095.jpg,1
train/1/1_00321.jpg,1
train/1/1_00380.jpg,1
train/1/1_00236.jpg,1
train/1/1_00846.jpg,1
train/1/1_00041.jpg,1
train/1/1_00161.jpg,1
train/1/1_00554.jpg,1
train/1/1_00482.jpg,1
train/1/1_00340.jpg,1
train/1/1_00894.jpg,1
train/1/1_00855.jpg,1
train/1/1_00918.jpg,1
train/1/1_00145.jpg,1
train/1/1_00607.jpg,1
train/1/1_00762.jpg,1
train/1/1_00040.jpg,1
train/1/1_00795.jpg,1
train/1/1_00344.jpg,1
train/1/1_00958.jpg,1
train/1/1_00158.jpg,1
train/1/1_00295.jpg,1
train/1/1_00228.jpg,1
train/1/1_00261.jpg,1
train/1/1_00594.jpg,1
train/1/1_00738.jpg,1
train/1/1_00718.jpg,1
train/1/1_00721.jpg,1
train/1/1_00712.jpg,1
train/1/1_00702.jpg,1
train/1/1_00219.jpg,1
train/1/1_00051.jpg,1
train/1/1_00563.jpg,1
train/1/1_00407.jpg,1
train/1/1_00268.jpg,1
train/1/1_00892.jpg,1
train/1/1_00694.jpg,1
train/1/1_00961.jpg,1
train/1/1_00631.jpg,1
train/1/1_00746.jpg,1
train/1/1_00681.jpg,1
train/1/1_00952.jpg,1
train/1/1_00925.jpg,1
train/1/1_00665.jpg,1
train/1/1_00693.jpg,1
train/1/1_00704.jpg,1
train/1/1_00097.jpg,1
train/1/1_00596.jpg,1
train/1/1_00988.jpg,1
train/1/1_00995.jpg,1
train/1/1_00009.jpg,1
train/1/1_00128.jpg,1
train/1/1_00750.jpg,1
train/1/1_00687.jpg,1
train/1/1_00542.jpg,1
train/1/1_00889.jpg,1
train/1/1_00122.jpg,1
train/1/1_00592.jpg,1
train/1/1_00251.jpg,1
train/1/1_00362.jpg,1
train/1/1_00163.jpg,1
train/1/1_00192.jpg,1
train/1/1_00098.jpg,1
train/1/1_00028.jpg,1
train/1/1_00773.jpg,1
train/1/1_00679.jpg,1
train/1/1_00367.jpg,1
train/1/1_00036.jpg,1
train/1/1_00213.jpg,1
train/1/1_00611.jpg,1
train/1/1_00067.jpg,1
train/1/1_00229.jpg,1
train/1/1_00489.jpg,1
train/1/1_00656.jpg,1
train/1/1_00510.jpg,1
train/1/1_00013.jpg,1
train/1/1_00781.jpg,1
train/1/1_00434.jpg,1
train/1/1_00709.jpg,1
train/1/1_00959.jpg,1
train/1/1_00907.jpg,1
train/1/1_00562.jpg,1
train/1/1_00647.jpg,1
train/1/1_00511.jpg,1
train/1/1_00743.jpg,1
train/1/1_00314.jpg,1
train/1/1_00597.jpg,1
train/1/1_00902.jpg,1
train/1/1_00545.jpg,1
train/1/1_00582.jpg,1
train/1/1_00138.jpg,1
train/1/1_00670.jpg,1
train/1/1_00026.jpg,1
train/1/1_00530.jpg,1
train/1/1_00984.jpg,1
train/1/1_00899.jpg,1
train/1/1_00924.jpg,1
train/1/1_00469.jpg,1
train/1/1_00008.jpg,1
train/1/1_00342.jpg,1
train/1/1_00650.jpg,1
train/1/1_00215.jpg,1
train/1/1_00498.jpg,1
train/1/1_00632.jpg,1
train/1/1_00165.jpg,1
train/1/1_00906.jpg,1
train/1/1_00527.jpg,1
train/1/1_00604.jpg,1
train/1/1_00120.jpg,1
train/1/1_00132.jpg,1
train/1/1_00672.jpg,1
train/1/1_00481.jpg,1
train/1/1_00217.jpg,1
train/1/1_00443.jpg,1
train/1/1_00126.jpg,1
train/1/1_00286.jpg,1
train/1/1_00495.jpg,1
train/1/1_00890.jpg,1
train/1/1_00722.jpg,1
train/1/1_00016.jpg,1
train/1/1_00465.jpg,1
train/1/1_00449.jpg,1
train/1/1_00205.jpg,1
train/1/1_00926.jpg,1
train/1/1_00974.jpg,1
train/1/1_00751.jpg,1
train/1/1_00413.jpg,1
train/1/1_00171.jpg,1
train/1/1_00133.jpg,1
train/1/1_00366.jpg,1
train/1/1_00953.jpg,1
train/1/1_00833.jpg,1
train/1/1_00653.jpg,1
train/1/1_00055.jpg,1
train/1/1_00293.jpg,1
train/1/1_00218.jpg,1
train/1/1_00655.jpg,1
train/1/1_00621.jpg,1
train/1/1_00658.jpg,1
train/1/1_00884.jpg,1
train/1/1_00640.jpg,1
train/1/1_00243.jpg,1
train/1/1_00369.jpg,1
train/1/1_00042.jpg,1
train/1/1_00391.jpg,1
train/1/1_00513.jpg,1
train/1/1_00844.jpg,1
train/1/1_00615.jpg,1
train/1/1_00491.jpg,1
train/1/1_00549.jpg,1
train/1/1_00395.jpg,1
train/1/1_00141.jpg,1
train/1/1_00262.jpg,1
train/1/1_00266.jpg,1
train/1/1_00195.jpg,1
train/1/1_00234.jpg,1
train/1/1_00483.jpg,1
train/1/1_00567.jpg,1
train/1/1_00181.jpg,1
train/1/1_00968.jpg,1
train/1/1_00034.jpg,1
train/1/1_00299.jpg,1
train/1/1_00711.jpg,1
train/1/1_00476.jpg,1
train/1/1_00194.jpg,1
train/1/1_00177.jpg,1
train/1/1_00190.jpg,1
train/1/1_00573.jpg,1
train/1/1_00671.jpg,1
train/1/1_00629.jpg,1
train/1/1_00238.jpg,1
train/1/1_00100.jpg,1
train/1/1_00517.jpg,1
train/1/1_00480.jpg,1
train/1/1_00068.jpg,1
train/1/1_00488.jpg,1
train/1/1_00076.jpg,1
train/1/1_00617.jpg,1
train/1/1_00565.jpg,1
train/1/1_00810.jpg,1
train/1/1_00529.jpg,1
train/1/1_00223.jpg,1
train/1/1_00246.jpg,1
train/1/1_00943.jpg,1
train/1/1_00713.jpg,1
train/1/1_00099.jpg,1
train/1/1_00954.jpg,1
train/1/1_00485.jpg,1
train/1/1_00318.jpg,1
train/1/1_00883.jpg,1
train/1/1_00860.jpg,1
train/1/1_00920.jpg,1
train/1/1_00086.jpg,1
train/1/1_00828.jpg,1
train/1/1_00989.jpg,1
train/1/1_00212.jpg,1
train/1/1_00347.jpg,1
train/1/1_00642.jpg,1
train/1/1_00289.jpg,1
train/1/1_00641.jpg,1
train/1/1_00419.jpg,1
train/1/1_00636.jpg,1
train/1/1_00534.jpg,1
train/1/1_00450.jpg,1
train/1/1_00794.jpg,1
train/1/1_00660.jpg,1
train/1/1_00516.jpg,1
train/1/1_00612.jpg,1
train/1/1_00898.jpg,1
train/1/1_00047.jpg,1
train/1/1_00185.jpg,1
train/1/1_00930.jpg,1
train/1/1_00379.jpg,1
train/1/1_00389.jpg,1
train/1/1_00928.jpg,1
train/1/1_00605.jpg,1
train/1/1_00622.jpg,1
train/1/1_00264.jpg,1
train/1/1_00049.jpg,1
train/1/1_00934.jpg,1
train/1/1_00061.jpg,1
train/1/1_00581.jpg,1
train/1/1_00858.jpg,1
train/1/1_00589.jpg,1
train/1/1_00874.jpg,1
train/1/1_00944.jpg,1
train/1/1_00320.jpg,1
train/1/1_00742.jpg,1
train/1/1_00273.jpg,1
train/1/1_00159.jpg,1
train/1/1_00689.jpg,1
train/1/1_00799.jpg,1
train/1/1_00871.jpg,1
train/1/1_00569.jpg,1
train/1/1_00494.jpg,1
train/1/1_00164.jpg,1
train/1/1_00057.jpg,1
train/1/1_00978.jpg,1
train/1/1_00819.jpg,1
train/1/1_00904.jpg,1
train/1/1_00459.jpg,1
train/1/1_00357.jpg,1
train/1/1_00107.jpg,1
train/1/1_00387.jpg,1
train/1/1_00196.jpg,1
train/1/1_00519.jpg,1
train/7/7_00462.jpg,2
train/7/7_00083.jpg,2
train/7/7_00602.jpg,2
train/7/7_00220.jpg,2
train/7/7_00371.jpg,2
train/7/7_00531.jpg,2
train/7/7_00860.jpg,2
train/7/7_00774.jpg,2
train/7/7_00002.jpg,2
train/7/7_00165.jpg,2
train/7/7_00305.jpg,2
train/7/7_00793.jpg,2
train/7/7_00226.jpg,2
train/7/7_00191.jpg,2
train/7/7_00660.jpg,2
train/7/7_00089.jpg,2
train/7/7_00611.jpg,2
train/7/7_00789.jpg,2
train/7/7_00688.jpg,2
train/7/7_00216.jpg,2
train/7/7_00701.jpg,2
train/7/7_00489.jpg,2
train/7/7_00713.jpg,2
train/7/7_00163.jpg,2
train/7/7_00259.jpg,2
train/7/7_00311.jpg,2
train/7/7_00742.jpg,2
train/7/7_00538.jpg,2
train/7/7_00799.jpg,2
train/7/7_00215.jpg,2
train/7/7_00812.jpg,2
train/7/7_00669.jpg,2
train/7/7_00318.jpg,2
train/7/7_00330.jpg,2
train/7/7_00585.jpg,2
train/7/7_00714.jpg,2
train/7/7_00826.jpg,2
train/7/7_00981.jpg,2
train/7/7_00586.jpg,2
train/7/7_00845.jpg,2
train/7/7_00635.jpg,2
train/7/7_00416.jpg,2
train/7/7_00896.jpg,2
train/7/7_00287.jpg,2
train/7/7_00375.jpg,2
train/7/7_00272.jpg,2
train/7/7_00663.jpg,2
train/7/7_00656.jpg,2
train/7/7_00807.jpg,2
train/7/7_00499.jpg,2
train/7/7_00673.jpg,2
train/7/7_00300.jpg,2
train/7/7_00680.jpg,2
train/7/7_00016.jpg,2
train/7/7_00434.jpg,2
train/7/7_00329.jpg,2
train/7/7_00897.jpg,2
train/7/7_00715.jpg,2
train/7/7_00787.jpg,2
train/7/7_00105.jpg,2
train/7/7_00544.jpg,2
train/7/7_00032.jpg,2
train/7/7_00433.jpg,2
train/7/7_00563.jpg,2
train/7/7_00460.jpg,2
train/7/7_00629.jpg,2
train/7/7_00316.jpg,2
train/7/7_00359.jpg,2
train/7/7_00378.jpg,2
train/7/7_00141.jpg,2
train/7/7_00420.jpg,2
train/7/7_00164.jpg,2
train/7/7_00435.jpg,2
train/7/7_00800.jpg,2
train/7/7_00964.jpg,2
train/7/7_00437.jpg,2
train/7/7_00297.jpg,2
train/7/7_00301.jpg,2
train/7/7_00425.jpg,2
train/7/7_00232.jpg,2
train/7/7_00399.jpg,2
train/7/7_00589.jpg,2
train/7/7_00702.jpg,2
train/7/7_00554.jpg,2
train/7/7_00108.jpg,2
train/7/7_00872.jpg,2
train/7/7_00044.jpg,2
train/7/7_00386.jpg,2
train/7/7_00505.jpg,2
train/7/7_00327.jpg,2
train/7/7_00348.jpg,2
train/7/7_00244.jpg,2
train/7/7_00894.jpg,2
train/7/7_00762.jpg,2
train/7/7_00479.jpg,2
train/7/7_00490.jpg,2
train/7/7_00485.jpg,2
train/7/7_00240.jpg,2
train/7/7_00456.jpg,2
train/7/7_00463.jpg,2
train/7/7_00925.jpg,2
train/7/7_00152.jpg,2
train/7/7_00971.jpg,2
train/7/7_00667.jpg,2
train/7/7_00995.jpg,2
train/7/7_00422.jpg,2
train/7/7_00342.jpg,2
train/7/7_00955.jpg,2
train/7/7_00430.jpg,2
train/7/7_00446.jpg,2
train/7/7_00703.jpg,2
train/7/7_00720.jpg,2
train/7/7_00338.jpg,2
train/7/7_00601.jpg,2
train/7/7_00118.jpg,2
train/7/7_00023.jpg,2
train/7/7_00092.jpg,2
train/7/7_00135.jpg,2
train/7/7_00354.jpg,2
train/7/7_00307.jpg,2
train/7/7_00404.jpg,2
train/7/7_00565.jpg,2
train/7/7_00803.jpg,2
train/7/7_00937.jpg,2
train/7/7_00206.jpg,2
train/7/7_00126.jpg,2
train/7/7_00539.jpg,2
train/7/7_00830.jpg,2
train/7/7_00849.jpg,2
train/7/7_00725.jpg,2
train/7/7_00628.jpg,2
train/7/7_00040.jpg,2
train/7/7_00361.jpg,2
train/7/7_00918.jpg,2
train/7/7_00514.jpg,2
train/7/7_00779.jpg,2
train/7/7_00948.jpg,2
train/7/7_00227.jpg,2
train/7/7_00823.jpg,2
train/7/7_00533.jpg,2
train/7/7_00483.jpg,2
train/7/7_00824.jpg,2
train/7/7_00778.jpg,2
train/7/7_00345.jpg,2
train/7/7_00553.jpg,2
train/7/7_00063.jpg,2
train/7/7_00851.jpg,2
train/7/7_00411.jpg,2
train/7/7_00644.jpg,2
train/7/7_00963.jpg,2
train/7/7_00263.jpg,2
train/7/7_00148.jpg,2
train/7/7_00369.jpg,2
train/7/7_00608.jpg,2
train/7/7_00962.jpg,2
train/7/7_00922.jpg,2
train/7/7_00687.jpg,2
train/7/7_00639.jpg,2
train/7/7_00695.jpg,2
train/7/7_00676.jpg,2
train/7/7_00634.jpg,2
train/7/7_00718.jpg,2
train/7/7_00537.jpg,2
train/7/7_00366.jpg,2
train/7/7_00850.jpg,2
train/7/7_00389.jpg,2
train/7/7_00766.jpg,2
train/7/7_00827.jpg,2
train/7/7_00467.jpg,2
train/7/7_00033.jpg,2
train/7/7_00920.jpg,2
train/7/7_00139.jpg,2
train/7/7_00764.jpg,2
train/7/7_00310.jpg,2
train/7/7_00054.jpg,2
train/7/7_00183.jpg,2
train/7/7_00373.jpg,2
train/7/7_00276.jpg,2
train/7/7_00392.jpg,2
train/7/7_00741.jpg,2
train/7/7_00102.jpg,2
train/7/7_00788.jpg,2
train/7/7_00777.jpg,2
train/7/7_00202.jpg,2
train/7/7_00337.jpg,2
train/7/7_00282.jpg,2
train/7/7_00862.jpg,2
train/7/7_00882.jpg,2
train/7/7_00664.jpg,2
train/7/7_00590.jpg,2
train/7/7_00346.jpg,2
train/7/7_00931.jpg,2
train/7/7_00441.jpg,2
train/7/7_00745.jpg,2
train/7/7_00509.jpg,2
train/7/7_00113.jpg,2
train/7/7_00723.jpg,2
train/7/7_00494.jpg,2
train/7/7_00996.jpg,2
train/7/7_00020.jpg,2
train/7/7_00458.jpg,2
train/7/7_00696.jpg,2
train/7/7_00570.jpg,2
train/7/7_00174.jpg,2
train/7/7_00535.jpg,2
train/7/7_00070.jpg,2
train/7/7_00179.jpg,2
train/7/7_00982.jpg,2
train/7/7_00759.jpg,2
train/7/7_00173.jpg,2
train/7/7_00384.jpg,2
train/7/7_00814.jpg,2
train/7/7_00018.jpg,2
train/7/7_00336.jpg,2
train/7/7_00775.jpg,2
train/7/7_00943.jpg,2
train/7/7_00257.jpg,2
train/7/7_00795.jpg,2
train/7/7_00429.jpg,2
train/7/7_00750.jpg,2
train/7/7_00938.jpg,2
train/7/7_00079.jpg,2
train/7/7_00689.jpg,2
train/7/7_00099.jpg,2
train/7/7_00284.jpg,2
train/7/7_00322.jpg,2
train/7/7_00484.jpg,2
train/7/7_00177.jpg,2
train/7/7_00279.jpg,2
train/7/7_00683.jpg,2
train/7/7_00674.jpg,2
train/7/7_00335.jpg,2
train/7/7_00271.jpg,2
train/7/7_00616.jpg,2
train/7/7_00973.jpg,2
train/7/7_00875.jpg,2
train/7/7_00572.jpg,2
train/7/7_00819.jpg,2
train/7/7_00084.jpg,2
train/7/7_00958.jpg,2
train/7/7_00593.jpg,2
train/7/7_00064.jpg,2
train/7/7_00248.jpg,2
train/7/7_00199.jpg,2
train/7/7_00556.jpg,2
train/7/7_00578.jpg,2
train/7/7_00903.jpg,2
train/7/7_00821.jpg,2
train/7/7_00748.jpg,2
train/7/7_00022.jpg,2
train/7/7_00106.jpg,2
train/7/7_00781.jpg,2
train/7/7_00198.jpg,2
train/7/7_00019.jpg,2
train/7/7_00242.jpg,2
train/7/7_00432.jpg,2
train/7/7_00512.jpg,2
train/7/7_00218.jpg,2
train/7/7_00423.jpg,2
train/7/7_00281.jpg,2
train/7/7_00288.jpg,2
train/7/7_00145.jpg,2
train/7/7_00770.jpg,2
train/7/7_00581.jpg,2
train/7/7_00694.jpg,2
train/7/7_00726.jpg,2
train/7/7_00340.jpg,2
train/7/7_00889.jpg,2
train/7/7_00654.jpg,2
train/7/7_00449.jpg,2
train/7/7_00250.jpg,2
train/7/7_00822.jpg,2
train/7/7_00854.jpg,2
train/7/7_00651.jpg,2
train/7/7_00385.jpg,2
train/7/7_00776.jpg,2
train/7/7_00008.jpg,2
train/7/7_00988.jpg,2
train/7/7_00913.jpg,2
train/7/7_00619.jpg,2
train/7/7_00109.jpg,2
train/7/7_00928.jpg,2
train/7/7_00939.jpg,2
train/7/7_00729.jpg,2
train/7/7_00262.jpg,2
train/7/7_00387.jpg,2
train/7/7_00453.jpg,2
train/7/7_00210.jpg,2
train/7/7_00785.jpg,2
train/7/7_00596.jpg,2
train/7/7_00550.jpg,2
train/7/7_00957.jpg,2
train/7/7_00298.jpg,2
train/7/7_00690.jpg,2
train/7/7_00825.jpg,2
train/7/7_00841.jpg,2
train/7/7_00571.jpg,2
train/7/7_00269.jpg,2
train/7/7_00630.jpg,2
train/7/7_00035.jpg,2
train/7/7_00236.jpg,2
train/7/7_00848.jpg,2
train/7/7_00692.jpg,2
train/7/7_00341.jpg,2
train/7/7_00228.jpg,2
train/7/7_00525.jpg,2
train/7/7_00209.jpg,2
train/7/7_00569.jpg,2
train/7/7_00631.jpg,2
train/7/7_00886.jpg,2
train/7/7_00947.jpg,2
train/7/7_00356.jpg,2
train/7/7_00418.jpg,2
train/7/7_00367.jpg,2
train/7/7_00056.jpg,2
train/7/7_00884.jpg,2
train/7/7_00524.jpg,2
train/7/7_00230.jpg,2
train/7/7_00047.jpg,2
train/7/7_00014.jpg,2
train/7/7_00128.jpg,2
train/7/7_00662.jpg,2
train/7/7_00722.jpg,2
train/7/7_00551.jpg,2
train/7/7_00438.jpg,2
train/7/7_00658.jpg,2
train/7/7_00293.jpg,2
train/7/7_00155.jpg,2
train/7/7_00820.jpg,2
train/7/7_00888.jpg,2
train/7/7_00161.jpg,2
train/7/7_00488.jpg,2
train/7/7_00037.jpg,2
train/7/7_00500.jpg,2
train/7/7_00754.jpg,2
train/7/7_00466.jpg,2
train/7/7_00091.jpg,2
train/7/7_00229.jpg,2
train/7/7_00400.jpg,2
train/7/7_00469.jpg,2
train/7/7_00518.jpg,2
train/7/7_00452.jpg,2
train/7/7_00120.jpg,2
train/7/7_00547.jpg,2
train/7/7_00320.jpg,2
train/7/7_00461.jpg,2
train/7/7_00224.jpg,2
train/7/7_00642.jpg,2
train/7/7_00096.jpg,2
train/7/7_00838.jpg,2
train/7/7_00355.jpg,2
train/7/7_00450.jpg,2
train/7/7_00508.jpg,2
train/7/7_00756.jpg,2
train/7/7_00817.jpg,2
train/7/7_00007.jpg,2
train/7/7_00871.jpg,2
train/7/7_00986.jpg,2
train/7/7_00015.jpg,2
train/7/7_00960.jpg,2
train/7/7_00645.jpg,2
train/7/7_00213.jpg,2
train/7/7_00289.jpg,2
train/7/7_00347.jpg,2
train/7/7_00204.jpg,2
train/7/7_00527.jpg,2
train/7/7_00127.jpg,2
train/7/7_00562.jpg,2
train/7/7_00721.jpg,2
train/7/7_00659.jpg,2
train/7/7_00231.jpg,2
train/7/7_00364.jpg,2
train/7/7_00195.jpg,2
train/7/7_00398.jpg,2
train/7/7_00075.jpg,2
train/7/7_00755.jpg,2
train/7/7_00657.jpg,2
train/7/7_00977.jpg,2
train/7/7_00160.jpg,2
train/7/7_00861.jpg,2
train/7/7_00600.jpg,2
train/7/7_00613.jpg,2
train/7/7_00548.jpg,2
train/7/7_00147.jpg,2
train/7/7_00190.jpg,2
train/7/7_00693.jpg,2
train/7/7_00734.jpg,2
train/7/7_00260.jpg,2
train/7/7_00401.jpg,2
train/7/7_00410.jpg,2
train/7/7_00159.jpg,2
train/7/7_00315.jpg,2
train/7/7_00980.jpg,2
train/7/7_00451.jpg,2
train/7/7_00883.jpg,2
train/7/7_00332.jpg,2
train/7/7_00087.jpg,2
train/7/7_00133.jpg,2
train/7/7_00976.jpg,2
train/7/7_00426.jpg,2
train/7/7_00501.jpg,2
train/7/7_00077.jpg,2
train/7/7_00716.jpg,2
train/7/7_00171.jpg,2
train/7/7_00439.jpg,2
train/7/7_00983.jpg,2
train/7/7_00003.jpg,2
train/7/7_00482.jpg,2
train/7/7_00414.jpg,2
train/7/7_00123.jpg,2
train/7/7_00577.jpg,2
train/7/7_00066.jpg,2
train/7/7_00767.jpg,2
train/7/7_00051.jpg,2
train/7/7_00431.jpg,2
train/7/7_00129.jpg,2
train/7/7_00541.jpg,2
train/7/7_00744.jpg,2
train/0/0_00872.jpg,3
train/0/0_00758.jpg,3
train/0/0_00348.jpg,3
train/0/0_00185.jpg,3
train/0/0_00406.jpg,3
train/0/0_00478.jpg,3
train/0/0_00102.jpg,3
train/0/0_00449.jpg,3
train/0/0_00231.jpg,3
train/0/0_00933.jpg,3
train/0/0_00557.jpg,3
train/0/0_00099.jpg,3
train/0/0_00293.jpg,3
train/0/0_00228.jpg,3
train/0/0_00782.jpg,3
train/0/0_00778.jpg,3
train/0/0_00472.jpg,3
train/0/0_00781.jpg,3
train/0/0_00508.jpg,3
train/0/0_00943.jpg,3
train/0/0_00909.jpg,3
train/0/0_00011.jpg,3
train/0/0_00152.jpg,3
train/0/0_00921.jpg,3
train/0/0_00988.jpg,3
train/0/0_00294.jpg,3
train/0/0_00688.jpg,3
train/0/0_00443.jpg,3
train/0/0_00970.jpg,3
train/0/0_00434.jpg,3
train/0/0_00336.jpg,3
train/0/0_00166.jpg,3
train/0/0_00504.jpg,3
train/0/0_00455.jpg,3
train/0/0_00795.jpg,3
train/0/0_00020.jpg,3
train/0/0_00485.jpg,3
train/0/0_00290.jpg,3
train/0/0_00373.jpg,3
train/0/0_00044.jpg,3
train/0/0_00014.jpg,3
train/0/0_00204.jpg,3
train/0/0_00741.jpg,3
train/0/0_00264.jpg,3
train/0/0_00305.jpg,3
train/0/0_00744.jpg,3
train/0/0_00399.jpg,3
train/0/0_00027.jpg,3
train/0/0_00819.jpg,3
train/0/0_00175.jpg,3
train/0/0_00707.jpg,3
train/0/0_00739.jpg,3
train/0/0_00261.jpg,3
train/0/0_00339.jpg,3
train/0/0_00593.jpg,3
train/0/0_00569.jpg,3
train/0/0_00468.jpg,3
train/0/0_00051.jpg,3
train/0/0_00055.jpg,3
train/0/0_00986.jpg,3
train/0/0_00805.jpg,3
train/0/0_00555.jpg,3
train/0/0_00253.jpg,3
train/0/0_00360.jpg,3
train/0/0_00371.jpg,3
train/0/0_00469.jpg,3
train/0/0_00870.jpg,3
train/0/0_00146.jpg,3
train/0/0_00946.jpg,3
train/0/0_00395.jpg,3
train/0/0_00976.jpg,3
train/0/0_00150.jpg,3
train/0/0_00585.jpg,3
train/0/0_00674.jpg,3
train/0/0_00346.jpg,3
train/0/0_00112.jpg,3
train/0/0_00541.jpg,3
train/0/0_00722.jpg,3
train/0/0_00110.jpg,3
train/0/0_00518.jpg,3
train/0/0_00227.jpg,3
train/0/0_00172.jpg,3
train/0/0_00236.jpg,3
train/0/0_00034.jpg,3
train/0/0_00641.jpg,3
train/0/0_00285.jpg,3
train/0/0_00154.jpg,3
train/0/0_00513.jpg,3
train/0/0_00903.jpg,3
train/0/0_00969.jpg,3
train/0/0_00835.jpg,3
train/0/0_00672.jpg,3
train/0/0_00579.jpg,3
train/0/0_00538.jpg,3
train/0/0_00078.jpg,3
train/0/0_00471.jpg,3
train/0/0_00507.jpg,3
train/0/0_00441.jpg,3
train/0/0_00292.jpg,3
train/0/0_00825.jpg,3
train/0/0_00619.jpg,3
train/0/0_00693.jpg,3
train/0/0_00023.jpg,3
train/0/0_00083.jpg,3
train/0/0_00563.jpg,3
train/0/0_00288.jpg,3
train/0/0_00827.jpg,3
train/0/0_00759.jpg,3
train/0/0_00327.jpg,3
train/0/0_00660.jpg,3
train/0/0_00270.jpg,3
train/0/0_00084.jpg,3
train/0/0_00527.jpg,3
train/0/0_00648.jpg,3
train/0/0_00768.jpg,3
train/0/0_00310.jpg,3
train/0/0_00017.jpg,3
train/0/0_00740.jpg,3
train/0/0_00198.jpg,3
train/0/0_00721.jpg,3
train/0/0_00476.jpg,3
train/0/0_00404.jpg,3
train/0/0_00308.jpg,3
train/0/0_00470.jpg,3
train/0/0_00377.jpg,3
train/0/0_00862.jpg,3
train/0/0_00302.jpg,3
train/0/0_00426.jpg,3
train/0/0_00320.jpg,3
train/0/0_00857.jpg,3
train/0/0_00668.jpg,3
train/0/0_00853.jpg,3
train/0/0_00770.jpg,3
train/0/0_00006.jpg,3
train/0/0_00630.jpg,3
train/0/0_00408.jpg,3
train/0/0_00624.jpg,3
train/0/0_00483.jpg,3
train/0/0_00143.jpg,3
train/0/0_00754.jpg,3
train/0/0_00213.jpg,3
train/0/0_00081.jpg,3
train/0/0_00480.jpg,3
train/0/0_00925.jpg,3
train/0/0_00239.jpg,3
train/0/0_00321.jpg,3
train/0/0_00356.jpg,3
train/0/0_00437.jpg,3
train/0/0_00629.jpg,3
train/0/0_00539.jpg,3
train/0/0_00418.jpg,3
train/0/0_00168.jpg,3
train/0/0_00093.jpg,3
train/0/0_00514.jpg,3
train/0/0_00897.jpg,3
train/0/0_00577.jpg,3
train/0/0_00865.jpg,3
train/0/0_00296.jpg,3
train/0/0_00779.jpg,3
train/0/0_00028.jpg,3
train/0/0_00898.jpg,3
train/0/0_00326.jpg,3
train/0/0_00613.jpg,3
train/0/0_00654.jpg,3
train/0/0_00350.jpg,3
train/0/0_00734.jpg,3
train/0/0_00766.jpg,3
train/0/0_00661.jpg,3
train/0/0_00241.jpg,3
train/0/0_00224.jpg,3
train/0/0_00924.jpg,3
train/0/0_00431.jpg,3
train/0/0_00716.jpg,3
train/0/0_00979.jpg,3
train/0/0_00363.jpg,3
train/0/0_00560.jpg,3
train/0/0_00893.jpg,3
train/0/0_00275.jpg,3
train/0/0_00297.jpg,3
train/0/0_00663.jpg,3
train/0/0_00244.jpg,3
train/0/0_00756.jpg,3
train/0/0_00242.jpg,3
train/0/0_00580.jpg,3
train/0/0_00633.jpg,3
train/0/0_00806.jpg,3
train/0/0_00026.jpg,3
train/0/0_00048.jpg,3
train/0/0_00601.jpg,3
train/0/0_00680.jpg,3
train/0/0_00491.jpg,3
train/0/0_00746.jpg,3
train/0/0_00105.jpg,3
train/0/0_00944.jpg,3
train/0/0_00509.jpg,3
train/0/0_00111.jpg,3
train/0/0_00380.jpg,3
train/0/0_00492.jpg,3
train/0/0_00151.jpg,3
train/0/0_00962.jpg,3
train/0/0_00728.jpg,3
train/0/0_00186.jpg,3
train/0/0_00402.jpg,3
train/0/0_00919.jpg,3
train/0/0_00559.jpg,3
train/0/0_00444.jpg,3
train/0/0_00267.jpg,3
train/0/0_00243.jpg,3
train/0/0_00570.jpg,3
train/0/0_00258.jpg,3
train/0/0_00430.jpg,3
train/0/0_00497.jpg,3
train/0/0_00351.jpg,3
train/0/0_00263.jpg,3
train/0/0_00757.jpg,3
train/0/0_00855.jpg,3
train/0/0_00134.jpg,3
train/0/0_00058.jpg,3
train/0/0_00972.jpg,3
train/0/0_00811.jpg,3
train/0/0_00849.jpg,3
train/0/0_00975.jpg,3
train/0/0_00410.jpg,3
train/0/0_00025.jpg,3
train/0/0_00489.jpg,3
train/0/0_00571.jpg,3
train/0/0_00636.jpg,3
train/0/0_00128.jpg,3
train/0/0_00834.jpg,3
train/0/0_00262.jpg,3
train/0/0_00493.jpg,3
train/0/0_00828.jpg,3
train/0/0_00212.jpg,3
train/0/0_00254.jpg,3
train/0/0_00118.jpg,3
train/0/0_00031.jpg,3
train/0/0_00844.jpg,3
train/0/0_00790.jpg,3
train/0/0_00362.jpg,3
train/0/0_00369.jpg,3
train/0/0_00548.jpg,3
train/0/0_00298.jpg,3
train/0/0_00096.jpg,3
train/0/0_00885.jpg,3
train/0/0_00829.jpg,3
train/0/0_00699.jpg,3
train/0/0_00178.jpg,3
train/0/0_00289.jpg,3
train/0/0_00003.jpg,3
train/0/0_00451.jpg,3
train/0/0_00567.jpg,3
train/0/0_00738.jpg,3
train/0/0_00523.jpg,3
train/0/0_00274.jpg,3
train/0/0_00179.jpg,3
train/0/0_00103.jpg,3
train/0/0_00013.jpg,3
train/0/0_00300.jpg,3
train/0/0_00801.jpg,3
train/0/0_00522.jpg,3
train/0/0_00445.jpg,3
train/0/0_00662.jpg,3
train/0/0_00005.jpg,3
train/0/0_00794.jpg,3
train/0/0_00820.jpg,3
train/0/0_00332.jpg,3
train/0/0_00417.jpg,3
train/0/0_00147.jpg,3
train/0/0_00248.jpg,3
train/0/0_00652.jpg,3
train/5/5_00112.jpg,4
train/5/5_00422.jpg,4
train/5/5_00489.jpg,4
train/5/5_00988.jpg,4
train/5/5_00739.jpg,4
train/5/5_00361.jpg,4
train/5/5_00265.jpg,4
train/5/5_00101.jpg,4
train/5/5_00861.jpg,4
train/5/5_00414.jpg,4
train/5/5_00991.jpg,4
train/5/5_00982.jpg,4
train/5/5_00910.jpg,4
train/5/5_00649.jpg,4
train/5/5_00964.jpg,4
train/5/5_00802.jpg,4
train/5/5_00518.jpg,4
train/5/5_00942.jpg,4
train/5/5_00268.jpg,4
train/5/5_00961.jpg,4
train/5/5_00513.jpg,4
train/5/5_00239.jpg,4
train/5/5_00232.jpg,4
train/5/5_00744.jpg,4
train/5/5_00031.jpg,4
train/5/5_00496.jpg,4
train/5/5_00087.jpg,4
train/5/5_00855.jpg,4
train/5/5_00522.jpg,4
train/5/5_00777.jpg,4
train/5/5_00022.jpg,4
train/5/5_00926.jpg,4
train/5/5_00403.jpg,4
train/5/5_00253.jpg,4
train/5/5_00138.jpg,4
train/5/5_00901.jpg,4
train/5/5_00738.jpg,4
train/5/5_00372.jpg,4
train/5/5_00465.jpg,4
train/5/5_00972.jpg,4
train/5/5_00367.jpg,4
train/5/5_00413.jpg,4
train/5/5_00510.jpg,4
train/5/5_00845.jpg,4
train/5/5_00897.jpg,4
train/5/5_00546.jpg,4
train/5/5_00167.jpg,4
train/5/5_00586.jpg,4
train/5/5_00221.jpg,4
train/5/5_00658.jpg,4
train/5/5_00419.jpg,4
train/5/5_00263.jpg,4
train/5/5_00401.jpg,4
train/5/5_00387.jpg,4
train/5/5_00051.jpg,4
train/5/5_00651.jpg,4
train/5/5_00150.jpg,4
train/5/5_00009.jpg,4
train/5/5_00329.jpg,4
train/5/5_00815.jpg,4
train/5/5_00460.jpg,4
train/5/5_00524.jpg,4
train/5/5_00975.jpg,4
train/5/5_00835.jpg,4
train/5/5_00294.jpg,4
train/5/5_00266.jpg,4
train/5/5_00969.jpg,4
train/5/5_00625.jpg,4
train/5/5_00529.jpg,4
train/5/5_00481.jpg,4
train/5/5_00993.jpg,4
train/5/5_00862.jpg,4
train/5/5_00684.jpg,4
train/5/5_00255.jpg,4
train/5/5_00100.jpg,4
train/5/5_00247.jpg,4
train/5/5_00400.jpg,4
train/5/5_00360.jpg,4
train/5/5_00152.jpg,4
train/5/5_00118.jpg,4
train/5/5_00895.jpg,4
train/5/5_00585.jpg,4
train/5/5_00734.jpg,4
train/5/5_00431.jpg,4
train/5/5_00828.jpg,4
train/5/5_00233.jpg,4
train/5/5_00551.jpg,4
train/5/5_00408.jpg,4
train/5/5_00126.jpg,4
train/5/5_00217.jpg,4
train/5/5_00195.jpg,4
train/5/5_00219.jpg,4
train/5/5_00590.jpg,4
train/5/5_00645.jpg,4
train/5/5_00433.jpg,4
train/5/5_00319.jpg,4
train/5/5_00527.jpg,4
train/5/5_00983.jpg,4
train/5/5_00936.jpg,4
train/5/5_00759.jpg,4
train/5/5_00108.jpg,4
train/5/5_00213.jpg,4
train/5/5_00900.jpg,4
train/5/5_00707.jpg,4
train/5/5_00168.jpg,4
train/5/5_00504.jpg,4
train/5/5_00225.jpg,4
train/5/5_00702.jpg,4
train/5/5_00694.jpg,4
train/5/5_00296.jpg,4
train/5/5_00099.jpg,4
train/5/5_00930.jpg,4
train/5/5_00715.jpg,4
train/5/5_00039.jpg,4
train/5/5_00899.jpg,4
train/5/5_00775.jpg,4
train/5/5_00937.jpg,4
train/5/5_00114.jpg,4
train/5/5_00073.jpg,4
train/5/5_00879.jpg,4
train/5/5_00752.jpg,4
train/5/5_00690.jpg,4
train/5/5_00323.jpg,4
train/5/5_00561.jpg,4
train/5/5_00171.jpg,4
train/5/5_00278.jpg,4
train/5/5_00011.jpg,4
train/5/5_00600.jpg,4
train/5/5_00173.jpg,4
train/5/5_00540.jpg,4
train/5/5_00327.jpg,4
train/5/5_00813.jpg,4
train/5/5_00616.jpg,4
train/5/5_00737.jpg,4
train/5/5_00804.jpg,4
train/5/5_00116.jpg,4
train/5/5_00653.jpg,4
train/5/5_00123.jpg,4
train/5/5_00457.jpg,4
train/5/5_00968.jpg,4
train/5/5_00526.jpg,4
train/5/5_00120.jpg,4
train/5/5_00492.jpg,4
train/5/5_00669.jpg,4
train/5/5_00144.jpg,4
train/5/5_00950.jpg,4
train/5/5_00881.jpg,4
train/5/5_00373.jpg,4
train/5/5_00486.jpg,4
train/5/5_00875.jpg,4
train/5/5_00301.jpg,4
train/5/5_00507.jpg,4
train/5/5_00979.jpg,4
train/5/5_00698.jpg,4
train/5/5_00617.jpg,4
train/5/5_00273.jpg,4
train/5/5_00444.jpg,4
train/5/5_00543.jpg,4
train/5/5_00388.jpg,4
train/5/5_00803.jpg,4
train/5/5_00867.jpg,4
train/5/5_00380.jpg,4
train/5/5_00924.jpg,4
train/5/5_00555.jpg,4
train/5/5_00184.jpg,4
train/5/5_00062.jpg,4
train/5/5_00354.jpg,4
train/5/5_00240.jpg,4
train/5/5_00762.jpg,4
train/5/5_00570.jpg,4
train/5/5_00837.jpg,4
train/5/5_00334.jpg,4
train/5/5_00664.jpg,4
train/5/5_00059.jpg,4
train/8/8_00202.jpg,5
train/8/8_00125.jpg,5
train/8/8_00862.jpg,5
train/8/8_00069.jpg,5
train/8/8_00893.jpg,5
train/8/8_00269.jpg,5
train/8/8_00323.jpg,5
train/8/8_00664.jpg,5
train/8/8_00553.jpg,5
train/8/8_00363.jpg,5
train/8/8_00967.jpg,5
train/8/8_00310.jpg,5
train/8/8_00244.jpg,5
train/8/8_00038.jpg,5
train/8/8_00732.jpg,5
train/8/8_00092.jpg,5
train/8/8_00912.jpg,5
train/8/8_00085.jpg,5
train/8/8_00938.jpg,5
train/8/8_00695.jpg,5
train/8/8_00475.jpg,5
train/8/8_00591.jpg,5
train/8/8_00157.jpg,5
train/8/8_00123.jpg,5
train/8/8_00319.jpg,5
train/8/8_00052.jpg,5
train/8/8_00240.jpg,5
train/8/8_00736.jpg,5
train/8/8_00766.jpg,5
train/8/8_00255.jpg,5
train/8/8_00199.jpg,5
train/8/8_00250.jpg,5
train/8/8_00405.jpg,5
train/8/8_00205.jpg,5
train/8/8_00027.jpg,5
train/8/8_00480.jpg,5
train/8/8_00438.jpg,5
train/8/8_00217.jpg,5
train/8/8_00477.jpg,5
train/8/8_00394.jpg,5
train/8/8_00666.jpg,5
train/8/8_00413.jpg,5
train/8/8_00146.jpg,5
train/8/8_00063.jpg,5
train/8/8_00846.jpg,5
train/8/8_00599.jpg,5
train/8/8_00702.jpg,5
train/8/8_00042.jpg,5
train/8/8_00885.jpg,5
train/8/8_00806.jpg,5
train/8/8_00907.jpg,5
train/8/8_00921.jpg,5
train/8/8_00431.jpg,5
train/8/8_00281.jpg,5
train/8/8_00339.jpg,5
train/8/8_00203.jpg,5
train/8/8_00427.jpg,5
train/8/8_00940.jpg,5
train/8/8_00683.jpg,5
train/8/8_00306.jpg,5
train/8/8_00782.jpg,5
train/8/8_00795.jpg,5
train/8/8_00888.jpg,5
train/8/8_00886.jpg,5
train/8/8_00507.jpg,5
train/8/8_00516.jpg,5
train/8/8_00977.jpg,5
train/8/8_00088.jpg,5
train/8/8_00974.jpg,5
train/8/8_00284.jpg,5
train/8/8_00213.jpg,5
train/8/8_00903.jpg,5
train/8/8_00428.jpg,5
train/8/8_00789.jpg,5
train/8/8_00620.jpg,5
train/8/8_00467.jpg,5
train/8/8_00307.jpg,5
train/8/8_00546.jpg,5
train/8/8_00721.jpg,5
train/8/8_00439.jpg,5
train/8/8_00175.jpg,5
train/8/8_00969.jpg,5
train/8/8_00165.jpg,5
train/8/8_00457.jpg,5
train/8/8_00524.jpg,5
train/8/8_00166.jpg,5
train/8/8_00674.jpg,5
train/8/8_00794.jpg,5
train/8/8_00043.jpg,5
train/8/8_00830.jpg,5
train/8/8_00662.jpg,5
train/8/8_00596.jpg,5
train/8/8_00037.jpg,5
train/8/8_00013.jpg,5
train/8/8_00430.jpg,5
train/8/8_00099.jpg,5
train/8/8_00298.jpg,5
train/8/8_00046.jpg,5
train/8/8_00639.jpg,5
train/8/8_00672.jpg,5
train/8/8_00341.jpg,5
train/8/8_00180.jpg,5
train/8/8_00288.jpg,5
train/8/8_00237.jpg,5
train/8/8_00952.jpg,5
train/8/8_00824.jpg,5
train/8/8_00525.jpg,5
train/8/8_00792.jpg,5
train/8/8_00818.jpg,5
train/8/8_00756.jpg,5
train/8/8_00930.jpg,5
train/8/8_00360.jpg,5
train/6/6_00498.jpg,6
train/6/6_00862.jpg,6
train/6/6_00365.jpg,6
train/6/6_00922.jpg,6
train/6/6_00879.jpg,6
train/6/6_00381.jpg,6
train/6/6_00210.jpg,6
train/6/6_00680.jpg,6
train/6/6_00466.jpg,6
train/6/6_00039.jpg,6
train/6/6_00530.jpg,6
train/6/6_00244.jpg,6
train/6/6_00311.jpg,6
train/6/6_00679.jpg,6
train/6/6_00755.jpg,6
train/6/6_00430.jpg,6
train/6/6_00337.jpg,6
train/6/6_00331.jpg,6
train/6/6_00832.jpg,6
train/6/6_00783.jpg,6
train/6/6_00410.jpg,6
train/6/6_00984.jpg,6
train/6/6_00963.jpg,6
train/6/6_00654.jpg,6
train/6/6_00037.jpg,6
train/6/6_00532.jpg,6
train/6/6_00333.jpg,6
train/6/6_00294.jpg,6
train/6/6_00370.jpg,6
train/6/6_00106.jpg,6
train/6/6_00034.jpg,6
train/6/6_00837.jpg,6
train/6/6_00696.jpg,6
train/6/6_00875.jpg,6
train/6/6_00800.jpg,6
train/6/6_00845.jpg,6
train/6/6_00957.jpg,6
train/6/6_00427.jpg,6
train/6/6_00603.jpg,6
train/6/6_00799.jpg,6
train/6/6_00339.jpg,6
train/6/6_00700.jpg,6
train/6/6_00801.jpg,6
train/6/6_00154.jpg,6
train/6/6_00928.jpg,6
train/6/6_00417.jpg,6
train/6/6_00773.jpg,6
train/6/6_00923.jpg,6
train/6/6_00230.jpg,6
train/6/6_00041.jpg,6
train/6/6_00887.jpg,6
train/6/6_00646.jpg,6
train/6/6_00136.jpg,6
train/6/6_00038.jpg,6
train/6/6_00391.jpg,6
train/6/6_00886.jpg,6
train/6/6_00844.jpg,6
train/6/6_00369.jpg,6
train/6/6_00613.jpg,6
train/6/6_00122.jpg,6
train/6/6_00247.jpg,6
train/6/6_00293.jpg,6
train/6/6_00445.jpg,6
train/6/6_00069.jpg,6
train/6/6_00193.jpg,6
train/6/6_00098.jpg,6
train/6/6_00902.jpg,6
train/6/6_00664.jpg,6
train/6/6_00682.jpg,6
train/6/6_00163.jpg,6
train/6/6_00414.jpg,6
train/6/6_00207.jpg,6
train/2/2_00261.jpg,7
train/2/2_00700.jpg,7
train/2/2_00880.jpg,7
train/2/2_00320.jpg,7
train/2/2_00949.jpg,7
train/2/2_00838.jpg,7
train/2/2_00104.jpg,7
train/2/2_00593.jpg,7
train/2/2_00783.jpg,7
train/2/2_00569.jpg,7
train/2/2_00602.jpg,7
train/2/2_00395.jpg,7
train/2/2_00709.jpg,7
train/2/2_00352.jpg,7
train/2/2_00189.jpg,7
train/2/2_00376.jpg,7
train/2/2_00006.jpg,7
train/2/2_00400.jpg,7
train/2/2_00911.jpg,7
train/2/2_00408.jpg,7
train/2/2_00271.jpg,7
train/2/2_00665.jpg,7
train/2/2_00451.jpg,7
train/2/2_00622.jpg,7
train/2/2_00410.jpg,7
train/2/2_00621.jpg,7
train/2/2_00711.jpg,7
train/2/2_00831.jpg,7
train/2/2_00866.jpg,7
train/2/2_00603.jpg,7
train/2/2_00821.jpg,7
train/2/2_00610.jpg,7
train/2/2_00012.jpg,7
train/2/2_00051.jpg,7
train/2/2_00552.jpg,7
train/2/2_00900.jpg,7
train/2/2_00774.jpg,7
train/2/2_00618.jpg,7
train/2/2_00168.jpg,7
train/2/2_00694.jpg,7
train/2/2_00613.jpg,7
train/2/2_00699.jpg,7
train/2/2_00031.jpg,7
train/2/2_00806.jpg,7
train/2/2_00191.jpg,7
train/2/2_00329.jpg,7
train/3/3_00547.jpg,8
train/3/3_00809.jpg,8
train/3/3_00302.jpg,8
train/3/3_00717.jpg,8
train/3/3_00125.jpg,8
train/3/3_00361.jpg,8
train/3/3_00070.jpg,8
train/3/3_00810.jpg,8
train/3/3_00354.jpg,8
train/3/3_00242.jpg,8
train/3/3_00295.jpg,8
train/3/3_00234.jpg,8
train/3/3_00687.jpg,8
train/3/3_00008.jpg,8
train/3/3_00134.jpg,8
train/3/3_00973.jpg,8
train/3/3_00868.jpg,8
train/3/3_00909.jpg,8
train/3/3_00623.jpg,8
train/3/3_00658.jpg,8
train/3/3_00715.jpg,8
train/3/3_00171.jpg,8
train/3/3_00898.jpg,8
train/3/3_00068.jpg,8
train/3/3_00219.jpg,8
train/3/3_00290.jpg,8
train/3/3_00140.jpg,8
train/3/3_00773.jpg,8
train/3/3_00383.jpg,8
train/4/4_00007.jpg,9
train/4/4_00582.jpg,9
train/4/4_00097.jpg,9
train/4/4_00465.jpg,9
train/4/4_00307.jpg,9
train/4/4_00327.jpg,9
train/4/4_00368.jpg,9
train/4/4_00302.jpg,9
train/4/4_00675.jpg,9
train/4/4_00425.jpg,9
train/4/4_00313.jpg,9
train/4/4_00547.jpg,9
train/4/4_00297.jpg,9
train/4/4_00958.jpg,9
train/4/4_00184.jpg,9
train/4/4_00966.jpg,9
train/4/4_00449.jpg,9
train/4/4_00246.jpg,9
